,country_or_area,exports,gross demand,gross production,imports,total geothermal production,total hydro production,"total production, autoproducer","total production, main activity",total solar production,"total tide, wave production",total wind production,total RE production,RE production %,RE production to demand %,sub
0,Afghanistan,0.0,3887.0,1022.0,3071.0,0.0,878.0,301.0,721.0,0.0,0.0,0.0,878.0,85.90998043052838,22.588114226910214,-63.321866203618164
1,Albania,0.0,7263.0,4725.0,2538.0,0.0,4725.0,0.0,4725.0,0.0,0.0,0.0,4725.0,100.0,65.05576208178438,-34.94423791821562
2,Algeria,985.0,52595.0,57397.0,936.0,0.0,622.0,3311.0,54086.0,0.0,0.0,0.0,622.0,1.0836803317246546,1.182621922235954,0.09894159051129936
3,American Samoa,0.0,148.9,156.6,0.0,0.0,0.0,0.0,156.6,1.1,0.0,0.0,1.1,0.7024265644955301,0.7387508394895903,0.03632427499406021
4,Andorra,0.0,561.8,87.9,473.9,0.0,76.2,0.0,87.9,0.0,0.0,0.0,76.2,86.68941979522185,13.563545745817018,-73.12587404940483
5,Angola,0.0,6051.0,6204.0,0.0,0.0,3772.0,357.0,5847.0,0.0,0.0,0.0,3772.0,60.79948420373952,62.33680383407702,1.5373196303374996
6,Anguilla,0.0,86.9,89.5,0.0,0.0,0.0,0.0,89.5,0.0,0.0,0.0,0.0,0.0,0.0,0.0
7,Antigua and Barbuda,0.0,320.0,327.0,0.0,0.0,0.0,1.0,326.0,0.0,0.0,0.0,0.0,0.0,0.0,0.0
8,Argentina,506.0,138179.0,135207.0,8116.0,0.0,29716.0,15229.0,119978.0,8.0,0.0,369.0,29724.0,21.98406887217378,21.511228189522285,-0.47284068265149415
9,Armenia,1696.15,6100.97,8036.0,98.12,0.0,2311.0,0.0,8036.0,0.0,0.0,4.0,2311.0,28.758088601294173,37.87922248429348,9.121133882999306
10,Aruba,0.0,914.5,914.5,0.0,0.0,0.0,0.0,914.5,0.0,0.0,136.4,0.0,0.0,0.0,0.0
11,Australia,0.0,236716.0,251165.0,0.0,1.0,14083.0,19667.0,231498.0,2559.0,0.0,6970.0,16643.0,6.626321342543746,7.030787948427651,0.40446660588390504
12,Austria,20455.0,66788.0,72617.0,23264.0,1.0,47705.0,8572.0,64045.0,337.0,0.0,2462.0,48043.0,66.15943924976246,71.93358088279331,5.774141633030851
13,Azerbaijan,680.0,21472.0,22988.0,141.0,0.0,1821.0,1630.0,21358.0,0.0,0.0,0.0,1821.0,7.921524273534018,8.48081222056632,0.5592879470323009
14,Bahamas,0.0,1749.5,1749.5,0.0,0.0,0.0,51.0,1698.5,0.0,0.0,0.0,0.0,0.0,0.0,0.0
15,Bahrain,190.0,24498.0,24770.0,35.0,0.0,0.0,10510.0,14260.0,0.0,0.0,0.0,0.0,0.0,0.0,0.0
16,Bangladesh,0.0,45648.0,48562.0,0.0,0.0,777.0,13208.0,35354.0,0.0,0.0,0.0,777.0,1.6000164737860878,1.702155625657203,0.10213915187111522
17,Barbados,0.0,1091.39,1128.52,0.0,0.0,0.0,4.0,1124.52,0.0,0.0,0.0,0.0,0.0,0.0,0.0
18,Belarus,2797.0,36197.0,30799.0,10398.0,0.0,70.0,3050.0,27749.0,0.0,0.0,6.0,70.0,0.22728010649696417,0.19338619222587508,-0.03389391427108909
19,Belgium,6912.0,87998.0,82923.0,16848.0,0.0,1659.0,8496.0,74427.0,2148.0,0.0,2751.0,3807.0,4.591006114105857,4.326234687151981,-0.26477142695387634
20,Belize,0.0,581.623333,423.751944,171.861389,0.0,208.460556,72.159444,351.5925,0.0,0.0,0.0,208.460556,49.194005821481255,35.84116113856113,-13.352844682920129
21,Benin,0.0,1129.0,162.0,967.0,0.0,0.0,29.0,133.0,0.0,0.0,0.0,0.0,0.0,0.0,0.0
22,Bermuda,0.0,651.0,692.0,0.0,0.0,0.0,12.0,680.0,0.0,0.0,0.0,0.0,0.0,0.0,0.0
23,Bhutan,4890.1,1853.76,6826.7,36.7,0.0,6826.5,0.0,6826.7,0.0,0.0,0.0,6826.5,99.99707032680504,368.2515535991714,268.2544832723664
24,Bolivia (Plur. State of),0.0,7502.0,7661.0,0.0,0.0,2352.0,123.0,7538.0,3.0,0.0,0.0,2355.0,30.740112256885528,31.391628898960278,0.6515166420747498
25,"Bonaire, St Eustatius, Saba",0.0,107.3,118.6,0.0,0.0,0.0,0.0,118.6,0.0,0.0,0.0,0.0,0.0,0.0,0.0
26,Bosnia and Herzegovina,4525.0,12991.0,14082.0,4481.0,0.0,4215.0,343.0,13739.0,0.0,0.0,0.0,4215.0,29.931827865360034,32.445539219459626,2.5137113540995912
27,Botswana,0.0,3590.92,250.8,3371.32,0.0,0.0,0.0,250.8,1.3,0.0,0.0,1.3,0.518341307814992,0.036202421663529126,-0.4821388861514629
28,Brazil,467.0,586624.0,552498.0,40722.0,0.0,415342.0,78029.0,474469.0,0.0,0.0,5050.0,415342.0,75.1752947521982,70.80208106044076,-4.373213691757442
29,British Virgin Islands,0.0,124.0,130.0,0.0,0.0,0.0,0.0,130.0,0.0,0.0,0.0,0.0,0.0,0.0,0.0
30,Brunei Darussalam,0.0,3851.0,3930.0,0.0,0.0,0.0,406.0,3524.0,2.0,0.0,0.0,2.0,0.05089058524173028,0.051934562451311346,0.0010439772095810693
31,Bulgaria,10661.0,33454.0,47329.0,2353.0,0.0,3976.0,270.0,47059.0,814.0,0.0,1221.0,4790.0,10.120644847767753,14.318168231003767,4.197523383236014
32,Burkina Faso,0.0,1090.5,625.6,514.9,0.0,96.6,147.0,478.6,0.0,0.0,0.0,96.6,15.441176470588234,8.858321870701513,-6.582854599886721
33,Burundi,0.0,232.295,141.695,98.6,0.0,138.807,0.0,141.695,0.0,0.0,0.0,138.807,97.96181940082572,59.7546223551949,-38.20719704563082
34,Cabo Verde,0.0,363.93,375.08,0.0,0.0,0.0,0.63,374.45,7.49,0.0,61.4,7.49,1.996907326437027,2.0580880938642045,0.061180767427177596
35,Cambodia,0.0,3297.0,1434.0,1891.0,0.0,517.0,0.0,1434.0,3.0,0.0,0.0,520.0,36.26220362622036,15.771913861085835,-20.490289765134527
36,Cameroon,0.0,5606.0,6263.0,0.0,0.0,4599.0,1295.0,4968.0,0.0,0.0,0.0,4599.0,73.43126297301613,82.03710310381734,8.605840130801212
37,Canada,57639.0,567179.0,632921.0,10841.0,0.0,380340.0,54971.0,577950.0,319.0,27.0,11310.0,380686.0,60.14747496133008,67.11919870093921,6.971723739609125
38,Cayman Islands,0.0,607.0,607.0,0.0,0.0,0.0,0.0,607.0,0.0,0.0,0.0,0.0,0.0,0.0,0.0
39,Central African Rep.,0.0,168.0,177.0,0.0,0.0,150.0,0.0,177.0,0.0,0.0,0.0,150.0,84.7457627118644,89.28571428571429,4.539951573849891
40,Chad,0.0,186.0,205.0,0.0,0.0,0.0,0.0,205.0,0.0,0.0,0.0,0.0,0.0,0.0,0.0
41,Chile,0.0,65840.0,69751.0,0.0,0.0,20158.0,5778.0,63973.0,0.0,0.0,409.0,20158.0,28.899944086823126,30.616646415552857,1.7167023287297312
42,China,17653.0,4609729.0,4987553.0,6874.0,0.0,872107.0,315707.2,4671845.8,0.0,0.0,95978.0,872107.0,17.48566882397039,18.9188344911382,1.4331656671678097
43,"China, Hong Kong SAR",1838.0,48070.0,38752.0,11156.0,0.0,0.0,0.0,38752.0,0.0,0.0,0.0,0.0,0.0,0.0,0.0
44,"China, Macao SAR",0.0,4372.0,561.0,3855.0,0.0,0.0,169.0,392.0,0.0,0.0,0.0,0.0,0.0,0.0,0.0
45,Colombia,713.0,65794.0,68344.0,7.0,0.0,47600.0,3790.0,64554.0,0.0,0.0,55.0,47600.0,69.64766475476999,72.34702252485029,2.6993577700802973
46,Comoros,0.0,58.4,58.4,0.0,0.0,0.0,0.0,58.4,0.0,0.0,0.0,0.0,0.0,0.0,0.0
47,Congo,0.0,1534.0,1700.0,25.0,0.0,987.0,713.0,987.0,0.0,0.0,0.0,987.0,58.05882352941176,64.34159061277705,6.282767083365293
48,Cook Islands,0.0,32.9,32.9,0.0,0.0,0.0,0.0,32.9,0.0,0.0,0.0,0.0,0.0,0.0,0.0
49,Costa Rica,402.444444444444,10082.25,10174.3361111111,419.186111111111,1402.55,7233.2,2186.36666666667,7987.96944444444,1.29722222222222,0.0,528.383333333333,8637.047222222222,84.89052384253307,85.66587043787072,0.7753465953376519
50,Croatia,5743.0,17596.0,10755.0,13174.0,0.0,4999.0,388.0,10367.0,2.0,0.0,329.0,5001.0,46.499302649930264,28.421232098204136,-18.078070551726128
51,Cuba,0.0,17450.0,18432.0,0.0,0.0,111.0,836.0,17596.0,0.0,0.0,0.0,111.0,0.6022135416666667,0.6361031518624642,0.033889610195797504
52,Curaçao,0.0,831.0,917.0,0.0,0.0,0.0,486.0,431.0,0.0,0.0,32.0,0.0,0.0,0.0,0.0
53,Cyprus,0.0,4543.0,4717.0,0.0,0.0,0.0,60.0,4657.0,22.0,0.0,185.0,22.0,0.4663981344074624,0.48426150121065376,0.01786336680319134
54,Czechia,28707.0,62978.0,87573.0,11587.0,0.0,2860.0,7985.0,79588.0,2149.0,0.0,416.0,5009.0,5.719799481575372,7.953571088316555,2.2337716067411835
55,Côte d'Ivoire,645.0,6074.0,7016.0,54.0,0.0,1789.0,68.0,6948.0,0.0,0.0,0.0,1789.0,25.498859749144813,29.45340796838986,3.954548219245048
56,Dem. Rep. of the Congo,48.0,7693.0,7595.0,626.0,0.0,7586.0,0.0,7595.0,0.0,0.0,0.0,7586.0,99.88150098749176,98.60912517873392,-1.2723758087578432
57,Denmark,10706.0,34223.0,30701.0,15920.0,0.0,17.0,2047.0,28654.0,104.0,0.0,10270.0,121.0,0.39412396990326043,0.3535633930397686,-0.04056057686349185
58,Djibouti,0.0,387.0,393.0,0.0,0.0,0.0,0.0,393.0,0.0,0.0,0.0,0.0,0.0,0.0,0.0
59,Dominica,0.0,97.9,101.55,0.0,0.0,26.75,0.0,101.55,0.0,0.0,0.0,26.75,26.34170359428853,27.323799795709906,0.9820962014213777
60,Dominican Republic,0.0,17235.84,17745.64,0.0,0.0,1782.89,3055.41,14690.23,0.0,0.0,95.82,1782.89,10.046918567039567,10.344085347740522,0.29716678070095526
61,Ecuador,11.9,22689.3,22848.0,238.2,0.0,12237.7,3866.3,18981.7,0.3,0.0,2.4,12238.0,53.56267507002801,53.937318471702525,0.3746434016745184
62,Egypt,474.0,158826.0,164628.0,77.0,0.0,13121.0,5405.0,159223.0,237.0,0.0,1260.0,13358.0,8.11405107272153,8.410461763187389,0.29641069046585855
63,El Salvador,78.0,6013.0,6237.0,163.0,1535.0,1847.0,696.0,5541.0,0.0,0.0,0.0,3382.0,54.22478755812089,56.244802926991525,2.020015368870638
64,Equatorial Guinea,0.0,395.0,439.0,0.0,0.0,197.0,0.0,439.0,0.0,0.0,0.0,197.0,44.874715261959,49.87341772151899,4.998702459559993
65,Eritrea,0.0,342.0,359.0,0.0,0.0,0.0,11.0,348.0,2.0,0.0,0.0,2.0,0.5571030640668524,0.5847953216374269,0.027692257570574474
66,Estonia,4950.0,8287.0,11967.0,2710.0,0.0,42.0,98.0,11869.0,0.0,0.0,434.0,42.0,0.35096515417397844,0.5068179075660673,0.15585275339208882
67,Ethiopia,563.0,7016.0,7608.0,0.0,16.0,7388.0,0.0,7608.0,0.0,0.0,192.0,7404.0,97.3186119873817,105.53021664766248,8.211604660280784
68,Faeroe Islands,0.0,284.53,291.556,0.0,0.0,99.757,0.0,291.556,0.0,0.0,10.787,99.757,34.21538229362456,35.060274839208525,0.8448925455839671
69,Falkland Is. (Malvinas),0.0,17.65,17.65,0.0,0.0,0.0,2.0,15.65,0.0,0.0,5.69,0.0,0.0,0.0,0.0
70,Fiji,0.0,795.01,803.353,0.0,0.0,525.261,48.187,755.166,0.0,0.0,6.809,525.261,65.38358604498895,66.06973497188714,0.6861489268981984
71,Finland,1645.0,84937.0,70416.0,19089.0,0.0,16859.0,10255.0,60161.0,11.0,0.0,494.0,16870.0,23.957623267439217,19.861779907460825,-4.095843359978392
72,France,56734.0,489962.0,565704.0,12213.0,0.0,63594.0,21882.0,543822.0,4016.0,458.0,14914.0,68068.0,12.032440993876655,13.892505949440977,1.8600649555643223
73,French Guiana,0.0,859.0,874.0,0.0,0.0,556.0,0.0,874.0,52.0,0.0,0.0,608.0,69.56521739130434,70.77997671711293,1.2147593258085863
74,French Polynesia,0.0,735.149,767.728,0.0,0.0,209.155,0.0,767.728,6.0,0.0,0.0,215.155,28.024899443552926,29.266856106721225,1.241956663168299
75,Gabon,0.0,2076.0,2151.0,0.0,0.0,908.0,185.0,1966.0,3.0,0.0,0.0,911.0,42.35239423523942,43.882466281310215,1.5300720460707922
76,Gambia,0.0,245.1,266.3,0.0,0.0,0.0,30.8,235.5,0.0,0.0,0.0,0.0,0.0,0.0,0.0
77,Georgia,528.0,9559.0,9698.0,615.0,0.0,7221.0,0.0,9698.0,0.0,0.0,0.0,7221.0,74.45865126830275,75.54137462077624,1.0827233524734936
78,Germany,66810.0,564077.0,629812.0,46268.0,25.0,27849.0,44094.0,585718.0,26380.0,0.0,50670.0,54254.0,8.6143166532235,9.618190424356959,1.003873771133458
79,Ghana,667.0,11485.0,12204.0,128.0,0.0,8071.0,180.0,12024.0,0.0,0.0,0.0,8071.0,66.1340544083907,70.27427078798432,4.140216379593625
80,Gibraltar,0.0,172.0,176.0,0.0,0.0,0.0,0.0,176.0,0.0,0.0,0.0,0.0,0.0,0.0,0.0
81,Greece,4169.0,55170.0,60959.0,5954.0,0.0,4591.0,2351.0,58608.0,1694.0,0.0,3850.0,6285.0,10.310208500795618,11.392060902664491,1.0818524018688738
82,Greenland,0.0,317.2917,573.9307,0.0,0.0,344.5633,114.6837,459.247,0.0,0.0,0.0,344.5633,60.03569768963396,108.5951192546165,48.55942156498254
83,Grenada,0.0,192.96,199.7,0.0,0.0,0.0,0.0,199.7,0.0,0.0,0.0,0.0,0.0,0.0,0.0
84,Guadeloupe,0.0,1726.0,1817.0,0.0,50.0,14.0,0.0,1817.0,91.0,0.0,52.0,155.0,8.5305448541552,8.980301274623406,0.44975642046820496
85,Guam,0.0,1690.0,1799.0,0.0,0.0,0.0,0.0,1799.0,0.0,0.0,0.0,0.0,0.0,0.0,0.0
86,Guatemala,346.0,8968.4,9335.4,372.0,246.0,4458.6,633.7,8701.7,0.0,0.0,0.0,4704.6,50.39526961887011,52.45751750590964,2.0622478870395327
87,Guernsey,0.0,380.8,68.1,312.7,0.0,0.0,0.0,68.1,0.0,0.0,0.0,0.0,0.0,0.0,0.0
88,Guinea,0.0,963.0,1071.2,0.0,0.0,491.0,342.2,729.0,0.0,0.0,0.0,491.0,45.836445108289766,50.9865005192108,5.150055410921034
89,Guinea-Bissau,0.0,34.25,34.25,0.0,0.0,0.0,7.82,26.43,0.0,0.0,0.0,0.0,0.0,0.0,0.0
90,Guyana,0.0,814.9,942.4,0.0,0.0,0.0,284.8,657.6,0.0,0.0,0.0,0.0,0.0,0.0,0.0
91,Haiti,0.0,1072.0,1100.0,0.0,0.0,221.0,48.0,1052.0,0.0,0.0,0.0,221.0,20.09090909090909,20.615671641791046,0.524762550881956
92,Honduras,79.0,7577.0,7740.0,154.0,0.0,2787.0,509.0,7231.0,0.0,0.0,338.0,2787.0,36.007751937984494,36.78236769169856,0.7746157537140661
93,Hungary,9003.0,40318.0,34635.0,16970.0,0.0,213.0,516.0,34119.0,8.0,0.0,770.0,221.0,0.6380828641547568,0.5481422689617541,-0.08994059519300268
94,Iceland,0.0,17026.0,17549.0,0.0,5209.0,12337.0,0.0,17549.0,0.0,0.0,0.0,17546.0,99.98290500883242,103.05415247268883,3.071247463856409
95,India,0.0,983178.0,1035264.0,5152.0,0.0,113855.0,128401.0,906863.0,0.0,0.0,28365.0,113855.0,10.997677886993076,11.580303871730246,0.5826259847371702
96,Indonesia,0.0,192830.0,196180.9,2440.0,9417.0,12799.0,40566.0,155614.9,2.9,0.0,5.0,22218.9,11.325720291832692,11.522532800912721,0.19681250908002923
97,Iran (Islamic Rep. of),11029.0,238586.0,254276.06,3897.0,0.0,12447.0,10740.0,243536.06,0.06,0.0,207.0,12447.06,4.895097084641,5.217011895081857,0.3219148104408571
98,Iraq,0.0,54815.0,46018.0,10170.0,0.0,4392.0,0.0,46018.0,0.0,0.0,0.0,4392.0,9.54409144247903,8.012405363495393,-1.5316860789836362
99,Ireland,370.0,26545.0,27600.0,784.0,0.0,1014.0,2126.0,25474.0,1.0,0.0,4010.0,1015.0,3.6775362318840576,3.8236956112262197,0.14615937934216205
100,Isle of Man,48.0,427.8,295.9,179.9,0.0,4.4,0.0,295.9,0.0,0.0,0.0,4.4,1.4869888475836435,1.0285179990649838,-0.4584708485186597
101,Israel,4434.0,53317.0,63003.0,0.0,0.0,33.0,1515.0,61488.0,369.0,0.0,6.0,402.0,0.6380648540545688,0.7539809066526624,0.11591605259809357
102,Italy,2304.0,328216.0,299277.0,45407.0,5592.0,43854.0,16057.0,283220.0,18862.0,0.0,13407.0,68308.0,22.824339992715778,20.81190435566822,-2.0124356370475596
103,Jamaica,0.0,4112.7,4156.2,0.0,0.0,150.7,1541.5,2614.7,0.0,0.0,108.0,150.7,3.6259082816033876,3.664259488900236,0.038351207296848155
104,Japan,0.0,1012110.0,1064065.0,0.0,2609.0,83645.0,163002.0,901063.0,6963.0,0.0,4722.0,93217.0,8.760461062059179,9.210164903024374,0.44970384096519567
105,Jersey,0.0,724.2,60.2,681.2,0.0,0.0,43.3,16.9,0.0,0.0,0.0,0.0,0.0,0.0,0.0
106,Jordan,104.0,16657.0,16596.0,784.0,0.0,61.0,241.0,16355.0,0.0,0.0,3.0,61.0,0.3675584478187515,0.36621240319385245,-0.0013460446248990676
107,Kazakhstan,2933.0,82269.0,92817.0,4252.0,0.0,7637.0,0.0,92817.0,0.0,0.0,3.0,7637.0,8.228018574183608,9.282961990543217,1.0549434163596096
108,Kenya,32.7,7818.6,7851.6,39.1,1515.9,4015.9,0.0,7851.6,0.0,0.0,14.4,5531.8,70.45442967038565,70.75179699690482,0.297367326519165
109,Kiribati,0.0,22.7,24.1,0.0,0.0,0.0,0.0,24.1,0.0,0.0,0.0,0.0,0.0,0.0,0.0
110,"Korea, Dem.Ppl's.Rep.",0.0,17411.0,19236.0,0.0,0.0,13500.0,0.0,19236.0,0.0,0.0,0.0,13500.0,70.18091079226451,77.53718913330653,7.356278341042014
111,"Korea, Republic of",0.0,509557.0,534618.0,0.0,0.0,7652.0,30958.0,503660.0,1103.0,0.0,917.0,8755.0,1.6376178879124907,1.718159106832013,0.08054121891952226
112,Kuwait,0.0,55078.0,62655.0,0.0,0.0,0.0,0.0,62655.0,0.0,0.0,0.0,0.0,0.0,0.0,0.0
113,Kyrgyzstan,1840.0,13270.0,15168.0,177.0,0.0,14179.0,0.0,15168.0,0.0,0.0,0.0,14179.0,93.479694092827,106.85003767897514,13.370343586148138
114,Lao People's Dem. Rep.,2020.0,2530.367,3802.47,747.897,0.0,3309.17,193.3,3609.17,193.3,0.0,0.0,3502.4700000000003,92.11039140348248,138.41747066729846,46.30707926381598
115,Latvia,3244.0,7407.0,6167.0,4935.0,0.0,3707.0,183.0,5984.0,0.0,0.0,114.0,3707.0,60.110264310037294,50.047252598892946,-10.063011711144348
116,Lebanon,0.0,15149.0,14826.0,323.0,0.0,1007.0,6000.0,8826.0,0.0,0.0,0.0,1007.0,6.792121947929314,6.647303452373094,-0.14481849555621995
117,Lesotho,21.0,774.3,485.4,309.9,0.0,485.4,0.0,485.4,0.0,0.0,0.0,485.4,100.0,62.68888027896165,-37.31111972103835
118,Liberia,0.0,280.0,300.0,0.0,0.0,0.0,200.0,100.0,0.0,0.0,0.0,0.0,0.0,0.0,0.0
119,Libya,14.0,33228.0,34275.0,61.0,0.0,0.0,0.0,34275.0,0.0,0.0,0.0,0.0,0.0,0.0,0.0
120,Liechtenstein,0.0,404.0,85.9,318.1,0.0,73.5,0.0,85.9,8.7,0.0,0.0,82.2,95.69266589057042,20.346534653465348,-75.34613123710508
121,Lithuania,1441.0,10607.0,5043.0,8060.0,0.0,937.0,787.0,4256.0,2.0,0.0,540.0,939.0,18.619869125520523,8.852644480060338,-9.767224645460185
122,Luxembourg,2622.0,6379.0,3818.0,6732.0,0.0,1160.0,225.0,3593.0,38.0,0.0,77.0,1198.0,31.37768465165008,18.780373099231852,-12.597311552418226
123,Madagascar,0.0,1497.0,1520.16,0.0,0.0,755.352,170.0,1350.16,0.008,0.0,0.0,755.36,49.68950636775077,50.458249832999336,0.7687434652485692
124,Malawi,17.9,1908.1,2026.51,0.0,0.0,1845.5,181.01,1845.5,0.0,0.0,0.0,1845.5,91.06789505109771,96.71924951522458,5.651354464126868
125,Malaysia,15.0,122962.74,134420.743,100.0,0.0,9054.0,6154.0,128266.743,47.743,0.0,0.0,9101.743,6.771085173960094,7.402033331397788,0.6309481574376941
126,Maldives,0.0,287.2,299.0,0.0,0.0,0.0,0.0,299.0,1.8,0.0,0.0,1.8,0.6020066889632106,0.626740947075209,0.024734258111998364
127,Mali,368.0,994.5,1362.5,0.0,0.0,783.34,52.0,1310.5,0.0,0.0,0.0,783.34,57.49284403669726,78.76721970839618,21.274375671698927
128,Malta,0.0,2172.0,2307.0,0.0,0.0,0.0,26.0,2281.0,30.0,0.0,0.0,30.0,1.3003901170351104,1.3812154696132597,0.08082535257814927
129,Marshall Islands,0.0,77.7,77.7,0.0,0.0,0.0,0.0,77.7,0.2,0.0,0.0,0.2,0.2574002574002574,0.2574002574002574,0.0
130,Martinique,0.0,1591.0,1780.487,0.0,0.0,0.0,30.0,1750.487,42.9,0.0,1.665,42.9,2.4094531439993663,2.6964173475801383,0.286964203580772
131,Mauritania,0.0,921.1,824.3,115.0,0.0,0.0,323.4,500.9,0.0,0.0,0.0,0.0,0.0,0.0,0.0
132,Mauritius,0.0,2754.1,2797.5,0.0,0.0,74.1,1651.8,1145.7,0.9,0.0,3.6,75.0,2.680965147453083,2.7232126647543664,0.04224751730128329
133,Mayotte,0.0,256.9,270.9,0.0,0.0,0.0,0.0,270.9,15.4,0.0,0.0,15.4,5.684754521963825,5.994550408719347,0.3097958867555217
134,Mexico,1116.0,285466.0,307268.0,2177.0,5817.0,31883.0,45027.0,262241.0,69.0,0.0,3688.0,37769.0,12.29187549630941,13.230647432618948,0.9387719363095375
135,Micronesia (Fed. States of),0.0,67.28,67.28,0.0,0.0,0.0,0.0,67.28,2.0,0.0,0.0,2.0,2.972651605231867,2.972651605231867,0.0
136,Mongolia,21.2,4814.0,5181.6,366.0,0.0,0.0,366.0,4815.6,0.0,0.0,0.0,0.0,0.0,0.0,0.0
137,Montenegro,228.0,3439.0,2844.0,964.0,0.0,1477.0,0.0,2844.0,0.0,0.0,0.0,1477.0,51.93389592123769,42.948531549869145,-8.985364371368547
138,Montserrat,0.0,21.0,23.0,0.0,0.0,0.0,0.0,23.0,0.0,0.0,0.0,0.0,0.0,0.0,0.0
139,Morocco,0.0,31054.8,26495.3,4841.0,0.0,1816.0,139.3,26356.0,0.0,0.0,728.0,1816.0,6.854045811898714,5.847727243453508,-1.0063185684452058
140,Mozambique,9791.0,13469.0,15166.0,8304.0,0.0,15145.0,263.0,14903.0,0.0,0.0,0.0,15145.0,99.86153237504945,112.4433885217908,12.581856146741345
141,Myanmar,0.0,10779.05,10964.9,0.0,0.0,7766.24,41.74,10923.16,0.0,0.0,0.0,7766.24,70.8281881275707,72.04939210783881,1.2212039802681147
142,Namibia,88.0,3676.0,1538.0,2226.0,0.0,1471.0,0.0,1538.0,0.0,0.0,0.0,1471.0,95.64369310793238,40.016322089227415,-55.62737101870496
143,Nauru,0.0,23.6,23.7,0.0,0.0,0.0,0.0,23.7,0.1,0.0,0.0,0.1,0.42194092827004226,0.423728813559322,0.0017878852892797559
144,Nepal,4.0,4308.0,3543.0,793.0,0.0,3533.0,84.0,3459.0,0.0,0.0,0.0,3533.0,99.71775331639853,82.01021355617456,-17.707539760223966
145,Netherlands,15046.0,115757.0,103298.0,32156.0,0.0,104.0,25148.0,78150.0,226.0,0.0,4981.0,330.0,0.31946407481267786,0.2850799519683475,-0.034384122844330345
146,New Caledonia,0.0,2259.0,2287.9,0.0,0.0,399.3,23.6,2264.3,4.8,0.0,57.1,404.1,17.66248524848114,17.888446215139442,0.22596096665830245
147,New Zealand,0.0,42806.0,44260.0,0.0,6194.0,22901.0,1374.0,42886.0,5.0,0.0,2076.0,29100.0,65.7478535924085,67.98112414147549,2.2332705490669866
148,Nicaragua,3.0,3696.0,4031.0,20.0,523.0,419.0,502.0,3529.0,0.0,0.0,330.0,942.0,23.368891094021336,25.487012987012985,2.118121892991649
149,Niger,4.22,979.649,391.743,636.7,0.0,0.0,53.537,338.206,0.005,0.0,0.0,0.005,0.0012763469927988503,0.0005103868834654045,-0.0007659601093334458
150,Nigeria,0.0,27884.0,28706.0,0.0,0.0,5659.0,7435.0,21271.0,0.0,0.0,0.0,5659.0,19.71364871455445,20.294792712666762,0.5811439981123137
151,Niue,0.0,3.16,3.32944444444444,0.0,0.0,0.0,0.0,3.32944444444444,0.0644444444444444,0.0,0.0,0.0644444444444444,1.9355915234440195,2.0393811533052024,0.1037896298611829
152,Northern Mariana Islands,0.0,410.7,410.7,0.0,0.0,0.0,0.0,410.7,0.0,0.0,0.0,0.0,0.0,0.0,0.0
153,Norway,22006.0,126867.0,147716.0,4190.0,0.0,142812.0,8619.0,139097.0,0.0,0.0,1548.0,142812.0,96.68011589807467,112.56828016741942,15.888164269344742
154,Oman,0.0,24365.0,25017.0,0.0,0.0,0.0,0.0,25017.0,0.0,0.0,0.0,0.0,0.0,0.0,0.0
155,Other Asia,0.0,235630.0,250336.0,0.0,0.0,8606.0,34223.0,216113.0,276.0,0.0,1262.0,8882.0,3.5480314457369295,3.769469082884183,0.2214376371472535
156,Pakistan,0.0,93160.0,96126.0,375.0,0.0,29857.0,40174.0,55952.0,0.0,0.0,0.0,29857.0,31.060275055656117,32.049162730785746,0.9888876751296287
157,Palau,0.0,72.5,77.5,0.0,0.0,0.0,6.0,71.5,0.0,0.0,0.0,0.0,0.0,0.0,0.0
158,Panama,59.0,8558.0,8605.6,19.0,0.0,5388.0,25.6,8580.0,0.0,0.0,0.0,5388.0,62.61039323231385,62.95863519513906,0.34824196282521314
159,Papua New Guinea,0.0,3763.0,3764.0,0.0,422.0,983.0,2868.0,896.0,0.0,0.0,0.0,1405.0,37.327311370882036,37.33723093276641,0.009919561884373707
160,Paraguay,47662.72,12067.4,60234.61,0.0,0.0,60231.54,0.0,60234.61,0.0,0.0,0.0,60231.54,99.9949032624267,499.1260752108988,399.1311719484721
161,Peru,2.0,39483.0,40043.9,5.0,0.0,22031.9,2674.9,37369.0,59.7,0.0,1.2,22091.600000000002,55.16845262324599,55.95218195172607,0.7837293284800779
162,Philippines,0.0,67605.0,72955.9,0.0,10250.0,10269.1,34.0,72921.9,1.3,0.0,75.3,20520.399999999998,28.127128854554602,30.353376229568816,2.226247375014214
163,Poland,12643.0,144162.0,162139.0,9803.0,0.0,2465.0,8449.0,153690.0,1.0,0.0,4747.0,2466.0,1.5209172376787818,1.710575602447247,0.1896583647684651
164,Portugal,2871.0,51817.0,46614.0,10766.0,146.0,6660.0,8344.0,38270.0,393.0,0.0,10259.0,7199.0,15.443858068391469,13.893123878263891,-1.550734190127578
165,Puerto Rico,0.0,21453.6,22555.6,0.0,0.0,124.8,250.0,22305.6,2.1,0.0,0.0,126.89999999999999,0.5626097288478249,0.5915091173509341,0.028899388503109247
166,Qatar,0.0,32351.0,34787.0,0.0,0.0,0.0,31799.0,2988.0,0.0,0.0,0.0,0.0,0.0,0.0,0.0
167,Republic of Moldova,0.0,4082.0,932.0,3279.0,0.0,34.0,32.0,900.0,0.0,0.0,0.0,34.0,3.648068669527897,0.8329250367466928,-2.8151436327812043
168,Romania,3650.0,53595.0,59045.0,3903.0,0.0,12337.0,4252.0,54793.0,8.0,0.0,2640.0,12345.0,20.907782200016936,23.033865099356284,2.126082899339348
169,Russian Federation,19143.0,982820.0,1070734.0,2661.0,477.0,167319.0,67181.0,1003553.0,0.0,0.0,5.0,167796.0,15.671119064118633,17.072912639140434,1.4017935750218005
170,Rwanda,2.9,457.0,393.0,90.8,0.0,181.5,0.0,393.0,0.3,0.0,0.0,181.8,46.25954198473283,39.78118161925602,-6.47836036547681
171,Réunion,0.0,2811.7,2811.7,0.0,0.0,488.4,0.0,2811.7,190.7,0.0,18.6,679.0999999999999,24.15264786428139,24.15264786428139,0.0
172,Samoa,0.0,116.7,117.2,0.0,0.0,36.8,5.0,112.2,0.0,0.0,0.0,36.8,31.39931740614334,31.53384747215081,0.1345300660074713
173,Sao Tome and Principe,0.0,67.0,67.0,0.0,0.0,7.0,0.0,67.0,0.0,0.0,0.0,7.0,10.44776119402985,10.44776119402985,0.0
174,Saudi Arabia,0.0,264854.0,271680.0,0.0,0.0,0.0,64548.0,207132.0,1.0,0.0,0.0,1.0,0.00036808009422850414,0.00037756650834044414,9.486414111940008e-06
175,Senegal,0.0,3166.0,2917.0,290.0,0.0,0.0,1496.0,1421.0,0.0,0.0,0.0,0.0,0.0,0.0,0.0
176,Serbia,5392.0,33717.0,36799.0,5781.0,0.0,9914.0,171.0,36628.0,0.0,0.0,0.0,9914.0,26.94094948232289,29.403564967227215,2.462615484904326
177,Seychelles,0.0,327.26,336.46,0.0,0.0,0.0,0.0,336.46,0.0,0.0,0.0,0.0,0.0,0.0,0.0
178,Sierra Leone,0.0,178.21,178.67,0.0,0.0,118.1,0.0,178.67,0.0,0.0,0.0,118.1,66.09951306878602,66.27013074462712,0.17061767584110044
179,Singapore,0.0,45661.0,46971.25,0.0,0.0,0.0,1774.75,45196.5,0.0,0.0,0.0,0.0,0.0,0.0,0.0
180,Sint Maarten (Dutch part),0.0,401.7,401.7,0.0,0.0,0.0,0.0,401.7,0.0,0.0,0.0,0.0,0.0,0.0,0.0
181,Slovakia,13079.0,26154.0,28664.0,13472.0,0.0,4439.0,2536.0,26128.0,424.0,0.0,6.0,4863.0,16.965531677365338,18.59371415462262,1.6281824772572833
182,Slovenia,8491.0,13415.0,15736.0,7452.0,0.0,4087.0,534.0,15202.0,163.0,0.0,0.0,4250.0,27.008134214539908,31.68095415579575,4.672819941255842
183,Solomon Islands,0.0,81.3,83.3,0.0,0.0,0.0,8.0,75.3,0.0,0.0,0.0,0.0,0.0,0.0,0.0
184,Somalia,0.0,340.0,340.0,0.0,0.0,0.0,0.0,340.0,0.0,0.0,0.0,0.0,0.0,0.0,0.0
185,South Africa,15035.0,234174.0,257919.0,10006.0,0.0,4211.0,10403.0,247516.0,39.0,0.0,37.0,4250.0,1.647804155568221,1.814889782811072,0.16708562724285092
186,South Sudan,0.0,427.0,445.0,0.0,0.0,0.0,234.0,211.0,2.0,0.0,0.0,2.0,0.44943820224719105,0.468384074941452,0.018945872694260957
187,Spain,18986.0,270350.0,297559.0,7787.0,0.0,24162.0,41427.0,256132.0,11968.0,0.0,49472.0,36130.0,12.142129796107664,13.364157573515815,1.222027777408151
188,Sri Lanka,0.0,11600.7,11897.006,0.0,0.0,3302.0,18.206,11878.8,9.6,0.0,146.806,3311.6,27.835574765617498,28.546553225236405,0.7109784596189073
189,St. Helena and Depend.,0.0,9.35,9.66,0.0,0.0,0.0,0.0,9.66,0.01,0.0,0.87,0.01,0.10351966873706005,0.10695187165775401,0.003432202920693961
190,St. Kitts-Nevis,0.0,217.6,217.8,0.0,0.0,0.0,0.8,217.0,0.0,0.0,7.8,0.0,0.0,0.0,0.0
191,St. Lucia,0.0,370.272,384.783,0.0,0.0,0.0,0.0,384.783,0.0,0.0,0.0,0.0,0.0,0.0,0.0
192,St. Pierre-Miquelon,0.0,43.47,43.47,0.0,0.0,0.0,0.0,43.47,0.0,0.0,0.87,0.0,0.0,0.0,0.0
193,St. Vincent-Grenadines,0.0,141.21,145.28,0.0,0.0,31.24,0.0,145.28,0.0,0.0,0.0,31.24,21.50330396475771,22.123079102046596,0.6197751372888867
194,State of Palestine,0.0,5370.4,461.1,4909.3,0.0,0.0,0.0,461.1,0.0,0.0,0.0,0.0,0.0,0.0,0.0
195,Sudan,0.0,9404.0,9510.0,0.0,0.0,6619.0,74.0,9436.0,0.0,0.0,0.0,6619.0,69.60042060988432,70.38494257762655,0.7845219677422222
196,Suriname,0.0,1938.9,1972.4,0.0,0.0,998.0,1446.0,526.4,0.0,0.0,0.0,998.0,50.59825593185966,51.47248439837021,0.8742284665105515
197,Swaziland,0.0,1420.4,621.8,813.4,0.0,272.3,342.0,279.8,0.0,0.0,0.0,272.3,43.79221614667096,19.170656153196283,-24.621559993474676
198,Sweden,31255.0,141284.0,166562.0,11682.0,0.0,79058.0,6350.0,160212.0,19.0,0.0,7165.0,79077.0,47.476014937380675,55.97024433056822,8.494229393187545
199,Switzerland,33749.0,63586.0,69893.0,31549.0,0.0,40305.0,6065.0,63828.0,320.0,0.0,88.0,40625.0,58.124561830226206,63.88984996697387,5.765288136747664
200,Syrian Arab Republic,0.0,27624.0,31188.0,0.0,0.0,3237.0,752.0,30436.0,0.0,0.0,0.0,3237.0,10.378991919969218,11.718071242397915,1.339079322428697
201,T.F.Yug.Rep. Macedonia,72.0,8466.0,6262.0,2741.0,0.0,1041.0,2.0,6260.0,3.0,0.0,0.0,1044.0,16.67198977962312,12.331679659815734,-4.340310119807388
202,Tajikistan,775.0,16246.0,16998.0,114.0,0.0,16924.0,0.0,16998.0,0.0,0.0,0.0,16924.0,99.56465466525474,104.17333497476302,4.608680309508287
203,Thailand,1912.0,169090.0,166471.0,10527.0,1.0,8431.0,15134.0,151337.0,23.0,0.0,3.0,8455.0,5.078962702212397,5.000295700514519,-0.07866700169787855
204,Timor-Leste,0.0,126.0,126.0,0.0,0.0,0.0,0.0,126.0,0.0,0.0,0.0,0.0,0.0,0.0,0.0
205,Togo,0.0,1067.9,399.4,679.3,0.0,165.1,11.0,388.4,0.0,0.0,0.0,165.1,41.33700550826239,15.460249086993164,-25.876756421269228
206,Tonga,0.0,50.39,52.39,0.0,0.0,0.0,0.0,52.39,0.0,0.0,0.0,0.0,0.0,0.0,0.0
207,Trinidad and Tobago,0.0,8800.0,9132.0,0.0,0.0,0.0,75.0,9057.0,0.0,0.0,0.0,0.0,0.0,0.0,0.0
208,Tunisia,426.0,17370.0,18059.4,384.0,0.0,110.0,634.4,17425.0,3.4,0.0,196.0,113.4,0.6279278381341573,0.6528497409326426,0.024921902798485274
209,Turkey,2954.0,230580.0,239496.0,5827.0,899.0,57865.0,13254.0,226242.0,0.0,0.0,5860.0,58764.0,24.536526706082775,25.48529794431434,0.948771238231565
210,Turkmenistan,2720.0,13689.0,17750.0,0.0,0.0,0.0,0.0,17750.0,0.0,0.0,0.0,0.0,0.0,0.0,0.0
211,Turks and Caicos Islands,0.0,218.9,227.0,0.0,0.0,0.0,0.0,227.0,0.0,0.0,0.0,0.0,0.0,0.0,0.0
212,Tuvalu,0.0,5.1,5.1,0.0,0.0,0.0,0.0,5.1,0.0,0.0,0.0,0.0,0.0,0.0,0.0
213,Uganda,90.8,2472.5,2639.7,37.0,0.0,1724.8,86.9,2552.8,0.0,0.0,0.0,1724.8,65.34075841951737,69.75935288169869,4.418594462181318
214,Ukraine,11560.0,171930.0,198878.0,93.0,0.0,10994.0,3773.0,195105.0,333.0,0.0,288.0,11327.0,5.695451482818612,6.588146338626186,0.8926948558075738
215,United Arab Emirates,34.0,101436.0,106222.0,16.0,0.0,0.0,0.0,106222.0,0.0,0.0,0.0,0.0,0.0,0.0,0.0
216,United Kingdom,1872.0,353504.0,363582.0,13743.0,0.0,8252.0,41172.0,322410.0,1352.0,4.0,19835.0,9608.0,2.6425950679626604,2.7179324703539423,0.07533740239128184
217,United Rep. of Tanzania,0.0,5650.0,5589.0,61.0,0.0,1767.0,13.0,5576.0,13.0,0.0,0.0,1780.0,31.848273394167116,31.504424778761063,-0.3438486154060527
218,United States,11995.0,4099686.0,4290660.0,59257.0,18135.0,298287.0,174097.0,4116563.0,10145.0,0.0,141922.0,326567.0,7.611113441754881,7.9656588333838245,0.3545453916289434
219,United States Virgin Is.,0.0,786.9,872.857,0.0,0.0,0.0,0.657,872.2,0.657,0.0,0.0,0.657,0.07527006141899532,0.08349218452154022,0.008222123102544901
220,Uruguay,19.7,11040.8,10600.8,741.9,0.0,5420.9,866.5,9734.3,0.0,0.0,117.8,5420.9,51.13670666364803,49.098797188609524,-2.0379094750385036
221,Uzbekistan,12435.0,49597.0,52500.0,12524.0,0.0,11210.0,193.0,52307.0,0.0,0.0,0.0,11210.0,21.352380952380955,22.60217351855959,1.249792566178634
222,Vanuatu,0.0,65.23,67.35,0.0,0.0,7.25,0.0,67.35,0.2,0.0,2.9,7.45,11.061618411284337,11.421125249118504,0.35950683783416615
223,Venezuela (Bolivar. Rep.),0.0,116614.0,121653.0,480.0,0.0,82008.0,1459.0,120194.0,0.0,0.0,0.0,82008.0,67.41140785677295,70.32431783490833,2.9129099781353744
224,Viet Nam,29.0,115067.0,118940.0,159.0,0.0,53172.0,3703.0,115237.0,0.0,0.0,92.0,53172.0,44.704893223474016,46.20959962456656,1.504706401092541
225,Wallis and Futuna Is.,0.0,16.656,18.983,0.0,0.0,0.0,0.0,18.983,0.0,0.0,0.0,0.0,0.0,0.0,0.0
226,Yemen,0.0,6493.0,7073.0,0.0,0.0,0.0,346.0,6727.0,0.0,0.0,0.0,0.0,0.0,0.0,0.0
227,Zambia,980.0,11264.0,12368.0,163.0,0.0,12350.0,0.0,12368.0,0.0,0.0,0.0,12350.0,99.85446313065977,109.64133522727273,9.786872096612967
228,Zimbabwe,700.9,9425.2,9148.6,1076.1,0.0,5387.3,186.0,8962.6,0.0,0.0,0.0,5387.3,58.88660560085695,57.15846878580826,-1.7281368150486927
